Tweet,Timestamp
"The Inspector General's report on Crooked Hillary Clinton is a disaster. Such bad judgement and temperament cannot be allowed in the W.H.",2h
"Thank you Anaheim, California! #Trump2016 pic.twitter.com/AEShamhNVS",16h
"Thank you Washington! Honored to say, on behalf of our great movement, we have broken the all time record for votes in GOP primary history.",21h
"The protesters in New Mexico were thugs who were flying the Mexican flag. The rally inside was big and beautiful, but outside, criminals!",May 25
"Crooked Hillary Clinton just can't close the deal with Bernie. I had to knock out 16 very good and smart candidates. Hillary doesn't have it",May 25
"Goofy Senator Elizabeth Warren @elizabethforma has done less in the U.S. Senate than practically any other senator. All talk, no action!",May 25
"@elizabethforma  Goofy Elizabeth Warren, sometimes known as Pocahontas, bought foreclosed housing and made a quick killing. Total hypocrite!",May 25
"'@gordonsr1052:  Washington, BIG Thank You for supporting Trump! We are all going to help Trump Make America Great Again! Trump2016!'",May 24
"'@buiIdthewall: @realDonaldTrump high energy!'",May 24
"'@PiperSul: Great speech tonight Mr.Trump! Good Luck in California! Thank you.",May 24
"'@DeepakS76435750: @realDonaldTrump congratulations from India'",May 24
"'@oasisupernova: @realDonaldTrump UP TO 8.4 MILLION FOLLOWERS. CAN'T STOP THE #TrumpTrain üöÇ #MakeAmericaGreatAgain'",May 24
"'@jknatter: @realDonaldTrump #TrumpTrain'",May 24
"'@tcloer11: @realDonaldTrump Great job! Make America Great Again!'",May 24
"@elizabethforma Goofy Elizabeth Warren, sometimes referred to as Pocahontas because she faked the fact she is native American, is a lowlife!",May 24
"Great rally in New Mexico, amazing crowd! Now in L.A. Big rally in Anaheim.",May 24
"Thank you Washington! #Trump2016 #MakeAmericaGreatAgain pic.twitter.com/v9glTwj6gy",May 24
"Great honor to receive today's endorsement of @RickSantorum. Really nice! #Trump2016",May 24
"After raising, w/ no obligation, almost $6M for Vets, I couldn't believe protesters formed @ Trump Tower. JUST OUT- SENT BY CROOKED HILLARY!",May 24
"Thank you @DailyMail- for setting the failing @NYTimes story straight. This is what the NYT's should have written!  dailymail.co.uk/news/article-3‚Ä¶",May 24
"A suggestion for the dishonest media- instagram.com/p/BFy12zpmhc9/",May 24
"A wonderfully written article concerning Israel by @JasonDovEsq blogs.timesofisrael.com/a-trump-presid‚Ä¶",May 24
"A great new book has been written about Crooked Hillary. Read it & you will never be able to vote for her. @Ed_Klein amazon.com/Unlikeable-Pro‚Ä¶",May 24
"Crooked Hillary Clinton overregulates, overtaxes and doesn't care about jobs. Most importantly, she suffers from plain old bad judgement!",May 24
"I just released my financial disclosure forms, the largest numbers in the history of the F.E.C. Even the dishonest media thinks great!",May 24
"Amazingly, with all of the money I have raised for the vets, I have got nothing but bad publicity from the dishonest and disgusting media.",May 23
"Much of the money I have raised for our veterans has already been distributed, with the rest to go shortly to various other veteran groups.",May 23
"While under no obligation to do so, I have raised between 5 & 6 million dollars, including 1million dollars from me, for our VETERANS. Nice!",May 23
"Join me in California or Montana! 5/25/16: Anaheim, California bit.ly/20nwDoeANAHEIM 5/26/16: Billings, Montana bit.ly/22mHf8nMONTANA",May 23
"I will be interviewed on @oreillyfactor at 8:00 P.M. Enjoy!",May 23
"Obama‚Äôs VA Secretary just said we shouldn't measure wait times. Hillary says VA problems are not ‚Äòwidespread.‚Äô I will take care of our vets!",May 23
"Is Hillary really protecting women? instagram.com/p/BFwTioiGhQj/",May 23
"In trade, military and EVERYTHING else, it will be AMERICA FIRST! This will quickly lead to our ultimate goal: MAKE AMERICA GREAT AGAIN!",May 23
"Thank you America! #Trump2016 pic.twitter.com/xfINxdRNiQ",May 22
"The American people are sick and tired of not being able to lead normal lives and to constantly be on the lookout for terror and terrorists!",May 22
"Bernie Sanders is continuing his quest because he believes that Crooked Hillary Clinton will be forced out of the race - e-mail scandal!",May 22
"Join me on Wednesday, May 25th at the Anaheim Convention Center! #Trump2016 #MAGA  Tickets: bit.ly/20nwDoeANAHEIM pic.twitter.com/xGkVbxTamz",May 22
"Crooked Hillary wants a radical 500% increase in Syrian refugees. We can‚Äôt allow this. Time to get smart and protect America!",May 22
"How can Crooked Hillary say she cares about women when she is silent on radical Islam, which horribly oppresses women?",May 22
"BREAKING POLL: Trump Gains 11 Points on Clinton Since March=> Now Leads Crooked Hillary 46-44 shar.es/1d46Y3 via @gatewaypundit",May 21
"Why do the networks continue to put dopey @BillKristol on panels when he has called every single shot about me wrong for 2 yrs?",May 22
"Hillary Clinton is not qualified to be president because her judgement has been proven to be so bad! Would be four more years of stupidity!",May 22
"Crooked Hillary said that I  want guns brought into the school classroom. Wrong!",May 21
"'@dubilujane: I trust @realDonaldTrump more anyone ever to protect America.He WILL do the right thing for the U.S.A, without a  doubt.",May 21
"Thank you to all of the men and women who have served our country. You are our true heroes! #ArmedForcesDay pic.twitter.com/A3Wus0cRIO",May 21
"Crooked Hillary Clintons foreign interventions unleashed ISIS in Syria, Iraq and Libya. She is reckless and dangerous!",May 21
"MAKE AMERICA GREAT AGAIN! pic.twitter.com/MAZK5bdZuD",May 21
".@CNN is so negative, getting even worse as I get closer. Just had two anti-Trump losers with zero rebuttal from my team. Turning off!",May 21
"'@RBacliff: Hillary wants to rip the guns out of America's hands. No guns = no protection. Get on #TrumpTrain & join @NRA to stop her.'",May 21
"Crooked Hillary wants to get rid of all guns and yet she is surrounded by bodyguards who are fully armed. No more guns to protect Hillary!",May 21
"While our wonderful president was out playing golf all day, the TSA is falling apart, just like our government! Airports a total disaster!",May 21
"Crooked Hillary is spending tremendous amounts of Wall Street money on false ads against me. She is a very dishonest person!",May 20
"Crooked Hillary Clinton wants to essentially abolish the 2nd Amendment. No gun owner can ever vote for Clinton!",May 20
"Thank you @TheTodaysGolfer for the wonderful statement that 'the new par 3 9th hole @Trump Turnberry could be the most dramatic in Britain.'",May 20
"@montgomeriefdn  Colin, great to have you at Trump Turnberry. So proud of you and your GREAT playing! You made winning MAJORS look easy!",May 20
"'@montgomeriefdn: @TrumpTurnberry Best Links Course in Britain. Ailsa Course opens June '16 Can't wait to play it pic.twitter.com/HnQbj3ipuS'",May 20
"Thank you for your wonderful endorsement today @TGowdySC. It means a great deal to me. We will not disappoint! #Trump2016",May 20
"Great day in Kentucky with Wayne LaPierre, Chris Cox & the @NRA!  #MakeAmericaGreatAgain #Trump2016 pic.twitter.com/aJ7s0aqqj0",May 20
"Thank you! An honor to be the first candidate ever endorsed by the @NRA- prior to @GOPconvention! #Trump2016 #2A  twitter.com/nra/status/733‚Ä¶",May 20
"Failing @NYTimes will always take a good story about me and make it bad. Every article is unfair and biased. Very sad!",May 20
"Thanks @piersmorgan!  'Trump is the most unpredictable, extraordinary, entertaining&massively popular candidate this country has ever seen.'",May 20
"Crooked Hillary Clinton- discussing the #SecondAmendment at a private event. #2A cc: @NRA pic.twitter.com/vV31Pbpkmn",May 20
"I am on my way! See you all soon! twitter.com/nra/status/733‚Ä¶",May 20
"'A Call for Unity' by Jason Greenblatt @JasonDovEsq medium.com/@jgreenblatt/a‚Ä¶",May 20
"Crooked Hillary can't even close the deal with Bernie - and the Dems have it rigged in favor of Hillary. Four more years of this? No way!",May 20
"Crooked Hillary Clinton looks presidential? I don't think so! Four more years of Obama and our country will never come back. ISIS LAUGHS!",May 20
"Look where the world is today, a total mess, and ISIS is still running around wild. I can fix it fast, Hillary has no chance!",May 20
"Crooked Hillary has zero imagination and even less stamina. ISIS, China, Russia and all would love for her to be president. 4 more years!",May 20
"I said that Crooked Hillary Clinton is 'not qualified' to be president because she has 'very bad judgement' - Bernie said the same thing!",May 20
"Thank you @LtStevenLRogers. We will respond to terrorism with strength in 2017! amp.twimg.com/v/55610e7e-e37‚Ä¶",May 19
"How quality a woman is Rowanne Brewer Lane to have exposed the @nytimes as a disgusting fraud?  Thank you Rowanne.",May 19
"Looks like yet another terrorist attack. Airplane departed from Paris. When will we get tough, smart and vigilant? Great hate and sickness!",May 19
"My list of potential U.S. Supreme Court Justices was very well recieved. During the next number of weeks I may be adding to the list!",May 18
"Some low-life journalist claims that I 'made a pass' at her 29 years ago. Never happened! Like the @nytimes story which has become a joke!",May 18
"#MakeAmericaGreatAgain #Trump2016 bit.ly/1R9vMkzFoxNews‚Ä¶ pic.twitter.com/YZAdAndKXv",May 18
"Thank you Louisiana! #Trump2016 pic.twitter.com/u8hhrRRFMp",May 18
"Thank you Arizona! See you soon! #MakeAmericaGreatAgain pic.twitter.com/IC3pe5lRAS",May 18
"Why did Clinton supporter @AlisonForKY declare Crooked Hillary winner in KY when AP hasn't even called the race?",May 18
"Bernie Sanders is being treated very badly by the Democrats - the system is rigged against him. Many of his disenfranchised fans are for me!",May 18
"Paul Begala, the dopey @CNN flunky and head of the Pro-Hillary Clinton Super PAC, has knowingly committed fraud in his first ad against me.",May 17
"'@ShoneeP: @realDonaldTrump Trump for President! Bernie is a joke, knows nothing - and Hillary is yesterday's and today's nightmare'",May 17
"'@MagicMetalNinja:  The Trump movement will not be stopped. We support Trump because he is a true American looking out for #AmericaFIRST.'",May 17
"Congratulations to THE MOVEMENT, we have just won THE GREAT STATE OF OREGON. The vote percentage is even higher than anticipated! Thank you.",May 17
"Thank you Oregon! #Trump2016  #MakeAmericaGreatAgain pic.twitter.com/hK1yqlp9ca",May 17
"'@LouDobbs: Hillary Just Handed @realDonaldTrump a Huge Gift: Promising to Put Bubba in Charge of the Economy! #MakeAmericaGreatAgain!",May 17
"'@sandrajeanne48: No way I believe Trump at 70% disapproval with women. Went to 3 rallies. At least 1/2 women. MSM LIES @TheFive'",May 17
"Michael Barbaro, the author of the now discredited @nytimes hit piece on me with women, has in past tweeted badly about me. He should resign",May 17
"'@michael_favreau: @JIS3 @realDonaldTrump He will destroy Hillary but why give CNN record breaking ratings CNN can go to hell. Trump 2016'",May 17
"I look so forward to debating Crooked Hillary Clinton! Democrat Primaries are rigged, e-mail investigation is rigged - so time to get it on!",May 17
"I can't believe that @CNN would allow the very nice Jeffrey Lord to be savaged by a panel of seven Trump haters. 7 to 1 - Don't watch CNN!",May 17
"'@COWBOYSFORTRUMP: @ChristiChat @Rockprincess818 @realDonaldTrump That man is a pillar of strength and will be perfect as our next president",May 17
"Well, that is it. Well done Megyn --- and they all lived happily ever after! Now let us all see how 'THE MOVEMENT' does in Oregon tonight!",May 17
"Will go back on for a final question now!",May 17
"'@jrector34: @realDonaldTrump Amazing job'",May 17
"'@mai_Ttag:  Great interview! Happy you had a chance to show the other side of you. Never change, never forget you are our messenger!'",May 17
"I like Michael Douglas!",May 17
"'@thydanielflores: .@megynkelly @realDonaldTrump Best interview that I have ever seen.",May 17
"'@CostaKenneth: @megynkelly @realDonaldTrump Great interview Megyn'",May 17
"'@svhlevi: @DiamondandSilk @realJeffreyLord @realDonaldTrump @CNN and we love you Diamond and Silk'  I do also!",May 17
"'@johnjohnlacca: Donald u have done a terrific job so far on the interview. Cannot wait until u r president #MegynKellyPresents",May 17
"'@markgruber1960: @megynkelly @realDonaldTrump That's why he is so successful. He is driven to succeed'  True!",May 17
"'@ladytsbrug: Lovely interview, Mr. Trump! @realDonaldTrump' Thanks.",May 17
"'@Janik1968: @realDonaldTrump @SpeakerRyan Watched the Megan Kelly special and I must say..it was very well done on both their parts'",May 17
"'@KaceyIlliot1669: @realDonaldTrump We actually really do love you!' Great!",May 17
"'@johnkirtley:  @megynkelly @realDonaldTrump #MakeAmericaGreatAgain Thank you for this discourse. Wounds have been healed. Great job!'",May 17
"'@jlund04: @megynkelly @realDonaldTrump it was refreshing to see you both in a different light. Well done.'",May 17
"'@FrankDallasAgg: @megynkelly @realDonaldTrump Trump is a great man and is FIGHTING for We The People!'",May 17
"'@LADYJOANNE: @megynkelly @realDonaldTrump we need Trump more then ever Megyn. Thanks.",May 17
"'@LADYJOANNE: @megynkelly @realDonaldTrump we need Trump more then ever Megan Please don't lose it for America for us!'",May 17
"'@curtandkaren: Kudos to @megynkelly and @realDonaldTrump for rising above the drama and coming together. Very respectful and classy üëç'",May 17
"'@gerriweth: @megynkelly @realDonaldTrump Made me feel good to hear you both so gracious. Great job'",May 17
"'@SandraR67758219: @realDonaldTrump You are a fighter and we LOVE that about you! Don't listen to these people who want you to change!'",May 17
"'@longbyfive: @realDonaldTrump great interview with @megynkelly !' Thanks.",May 17
"'@HFFoundation4: @realDonaldTrump One thing we know for sure @BernieSanders supporters will turn to #Trump - absolutely not @HillaryClinton'",May 17
"'@wesleyfelixpsi: @realDonaldTrump speaks from the heart 4 all of America.His intention is for a positive future 4 all. @FoxNews @megynkelly",May 17
"'@manakoa:DonaldTrump, you are fearless! This interview shows you are the Leader we need. @megynkelly is a tough interview! Respect to both'",May 17
"'@ragdollive: @megynkelly @realDonaldTrump what's with the soft wimpy questions?!? It's not a therapy session ..!!' Not really soft at all!",May 17
"'@xGodfatherxzx: @realDonaldTrump amazing on Megan Kelly' Thanks.",May 17
"'@TrumpTrainRider: .@realDonaldTrump Watching you on Fox with @megynkelly now. Can't wait to hear what you two talked about.'",May 17
"I will be live tweeting @megynkelly Show in 10 minutes. Should be interesting. Will be on Fox Network! ENJOY!",May 17
"Wall Street paid for ad is a fraud, just like Crooked Hillary! Their main line had nothing to do with women, and they knew it. Apologize?",May 17
"Do you think Crooked Hillary will finally close the deal? If she can't win Kentucky, she should drop out of race. System rigged!",May 17
"I will be live tweeting my interview with @megynkelly on the Fox Network tonight at 8! Enjoy! pic.twitter.com/nlJssZeIWm",May 17
"I look forward to watching @megynkelly tonight, 8 PM ET. It will be interesting to see how she treats me‚ÄîI think she will be very fair.",May 17
"How can Crooked Hillary put her husband in charge of the economy when he was responsible for NAFTA, the worst economic deal in U.S. history?",May 17
"Crooked Hillary said her husband is going to be in charge of the economy.If so, he should run,not her.Will he bring the 'energizer' to D.C.?",May 17
"#VoteTrump at clerk's offices & 185 ballot drop boxes in #ORPrimary! Closes at 8pm! bit.ly/1TXfrExVoteTRU‚Ä¶ amp.twimg.com/v/b53a4f3e-186‚Ä¶",May 17
"Crooked Hillary can't close the deal with Bernie Sanders. Will be another bad day for her!",May 17
"Amazing that Crooked Hillary can do a hit ad on me concerning women when her husband was the WORST abuser of woman in U.S. political history",May 17
"Oregon is voting today. Keep the big numbers going - VOTE TRUMP! MAKE AMERICA GREAT AGAIN!",May 17
"Crooked Hillary Clinton put out an ad where I am misquoted on women. Can't believe she would misrepresent the facts! My hit was on China",May 17
"The pathetic new hit ad against me misrepresents the final line. 'You can tell them to go BLANK themselves' - was about China, NOT WOMEN!",May 17
"Wow, 30,000 e-mails were deleted by Crooked Hillary Clinton. She said they had to do with a wedding reception. Liar! How can she run?",May 17
"'@AprilLaJune: OREGON votes today! Go vote for @realDonaldTrump and kick it BIG TIME! pic.twitter.com/SLYwyM8w1D'",May 16
"What Barbara Res does not say is that she would call my company endlessly, and for years, trying to come back. I said no.",May 16
"I gave a woman named Barbara Res a top N.Y. construction job, when that was unheard of, and now she is nasty. So much for a nice thank you!",May 16
"'In politics, and in life, ignorance is not a virtue.' This is a primary reason that President Obama is the worst president in U.S. history!",May 16
"The writer of the now proven false story in the @nytimes, Michael Barbaro, who was interviewed on CBS this morning, was unable to respond.",May 16
"Over 50 women were interviewed by the @nytimes yet they only wrote about 6. That‚Äôs because there were so many positive statements.",May 16
"No wonder the @nytimes is failing‚Äîwho can believe what they write after the false, malicious & libelous story they did on me.",May 16
"The failing @nytimes is greatly embarrassed by the totally dishonest story they did on my relationship with women.",May 16
"Rowanne Brewer, the most prominently depicted woman in the failing @nytimes story yesterday joined @foxandfriends.  amp.twimg.com/v/ebf3185d-925‚Ä¶",May 16
"Thank you, Anthony @Scaramucci @WSJ 'The Entrepreneur's Case for Trump'  wsj.com/articles/the-e‚Ä¶",May 16
"With the coming forward today of the woman central to the failing @nytimes hit piece on me, we have exposed the article as a fraud!",May 16
"A political commentator for @cnn, which I no longer watch, said 'Trump showed some weakness in the Repub Primaries.' I set all-time record!",May 16
"Wow, Rowanne Brewer, the most prominently depicted woman in the failing @nytimes story yesterday, was on @foxandfriends saying Times lied",May 16
"The @nytimes is so dishonest. Their hit piece cover story on me yesterday was just blown up by Rowanne Brewer, who said it was a lie!",May 16
"That was an amazing interview on @foxandfriends - I hope the rest of the media picks it up to show how totally dishonest the @nytimes is!",May 16
"Bernie Sanders is being treated very badly by the Dems. The system is rigged against him. He should run as an independent! Run Bernie, run.",May 16
"Great new poll- thank you! #MakeAmericaGreatAgain #Trump2016 pic.twitter.com/SZyZ8GkF23",May 15
"The @washingtonpost report on potential VP candidates is wrong. Marco Rubio and most others mentioned are NOT under consideration.",May 15
"Thank you Georgia! See you soon! #Trump2016 pic.twitter.com/8yFd6qA4rD",May 15
"The media is really on a witch-hunt against me. False reporting, and plenty of it - but we will prevail!",May 15
"Why did the failing @nytimes refuse to use any of the names given to them that I was so proud to have helped with their careers. DISHONEST!",May 15
"Wow, I have had so many calls from high ranking people laughing at the stupidity of the failing @nytimes piece. Massive front page for that!",May 15
"Why doesn't the failing @nytimes write the real story on the Clintons and women? The media is TOTALLY dishonest!",May 15
"'@TakingIt_Back:  @nytimes keep shining....the ppl will not let the media dim your light...we no longer believe them! #Trump2016' Thanks.",May 15
"'@tzard000: @realDonaldTrump @nytimes Everyone continues to pile onto Donald, but they can NEVER take away our votes!'  Thank you!",May 15
"Everyone is laughing at the @nytimes for the lame hit piece they did on me and women.I gave them many names of women I helped-refused to use",May 15
"'@DistlerJoyce: @realDonaldTrump @nytimes OHIO WOMEN FOR TRUMP pic.twitter.com/wpxojJnjbb'",May 15
"'@MrTohNey: Leicester & DonaldTrump seem to have the same trajectory, both were written off, but they keep scaling the heights. History?",May 15
"'@QueenCharlotteO: @realDonaldTrump @nytimes I'm a women & I 100% support @realDonaldTrump & I have since the beginning. Thank you!",May 15
"The failing @nytimes wrote yet another hit piece on me. All are impressed with how nicely I have treated women, they found nothing. A joke!",May 15
"Thank you for the nice words this morning @KellyRiddell. Well delivered and totally logical! @CNN   @FoxNews",May 15
"'@stranahan: Sheldon Adelson Pledges $100 Million to Elect Trump President - Breitbart breitbart.com/2016-president‚Ä¶'",May 14
"Wow, @CNN is really working hard to make me look as bad  as possible. Very unprofessional. Hurting in ratings - bad television!",May 14
"Great new poll- thank you! pic.twitter.com/ytzesbCZas",May 14
"If Crooked Hillary Clinton can't close the deal on Crazy Bernie, how is she going to take on China, Russia, ISIS and all of the others?",May 13
"An incredible honor to receive the endorsement of a person I have such tremendous respect for. Thank you, Sheldon! washingtonpost.com/opinions/sheld‚Ä¶",May 13
".@thehill  Your story about me & the carbon tax is absolutely incorrect‚Äîit is just the opposite. I will not support or endorse a carbon tax!",May 13
"Senator Lindsey Graham called me yesterday, very much to my surprise, and we had a very interesting talk about national security, and more!",May 12
"Great meeting with @SenateMajLdr Mitch McConnell and Republican leaders in D.C. #Trump2016 pic.twitter.com/R0NuOrZISX",May 12
"Great day in D.C. with @SpeakerRyan and Republican leadership. Things working out really well! #Trump2016 pic.twitter.com/hfHY9MdAc7",May 12
"If it were up to goofy Elizabeth Warren, we‚Äôd have no jobs in America‚Äîshe doesn‚Äôt have a clue.",May 11
"In interview I told @AP that my taxes are under routine audit and I would release my tax returns when audit is complete, not after election!",May 11
"Isn‚Äôt it funny when a failed Senator like goofy Elizabeth Warren can spend a whole day tweeting about Trump & gets nothing done in Senate?",May 11
"Goofy Elizabeth Warren lied when she says I want to abolish the Federal Minimum Wage. See media‚Äîasking for increase!",May 11
"Our Native American Senator, goofy Elizabeth Warren, couldn‚Äôt care less about the American worker‚Ä¶does nothing to help!",May 11
"Goofy Elizabeth Warren is now using the woman‚Äôs card like her friend crooked Hillary. See her dumb tweet ‚Äúwhen a woman stands up to you‚Ä¶‚Äù",May 11
"If the people of Massachusetts found out what an ineffective Senator goofy Elizabeth Warren has been, she would lose!",May 11
"Thanks Piers. twitter.com/piersmorgan/st‚Ä¶",May 11
"#MakeAmericaGreatAgain #Trump2016 pic.twitter.com/CLhqgybbYR",May 11
"'Duck Dynasty' star Phil Robertson says he'll back Trump for president dailym.ai/1TPwjNs via @MailOnline",May 10
"Goofy Elizabeth Warren didn‚Äôt have the guts to run for POTUS. Her phony Native American heritage stops that and VP cold.",May 11
"Goofy Elizabeth Warren has been one of the least effective Senators in the entire U.S. Senate. She has done nothing!",May 11
"I don't want to hit Crazy Bernie Sanders too hard yet because I love watching what he is doing to Crooked Hillary. His time will come!",May 11
"Big wins in West Virginia and Nebraska. Get ready for November - Crooked Hillary, who is looking very bad against Crazy Bernie, will lose!",May 11
"Thank you Nebraska! #MakeAmericaGreatAgain #Trump2016 pic.twitter.com/RRma61oisz",May 10
"Thank you West Virginia! #MakeAmericaGreatAgain #Trump2016 pic.twitter.com/iCGcF21fWY",May 10
"LOUISIANA GENERAL ELECTION Donald Trump vs. Hillary Clinton #MakeAmericaGreatAgain #Trump2016 pic.twitter.com/74vYOx7dKz",May 10
"OHIO GENERAL ELECTION Donald Trump vs. Hillary Clinton #MakeAmericaGreatAgain #Trump2016 pic.twitter.com/0yXQ4SFSLO",May 10
"The Clintons spend millions on negative ads on me & I can‚Äôt tell the truth about her husband? Don‚Äôt feel sorry for crooked Hillary!",May 10
"Hillary has bad judgment! instagram.com/p/BFPCtFfmhWB/",May 10
"It was so great being in Nebraska last week. Today is the big day--get out and vote!",May 10
"I look very much forward to meeting w/Paul Ryan & the GOP Party Leadership on Thurs in DC. Together, we will beat the Dems at all levels!",May 10
"Via @JTAnews and Jason Greenblatt  'Donald Trump is a Visionary With Talents Our Country Needs' @JasonDovEsq   jta.org/2016/04/18/new‚Ä¶",May 10
"WEST VIRGINIA #VoteTrump TODAY! #MakeAmericaGreatAgain #Trump2016 pic.twitter.com/pndaZjsruy",May 10
"NEBRASKA #VoteTrump TODAY! #MakeAmericaGreatAgain #Trump2016 amp.twimg.com/v/ad8daeae-d04‚Ä¶",May 10
"It is only the people that were never asked to be VP that tell the press that they will not take the position.",May 10
"It was Rosie O'Donnell who ate the cake in the vicious Hillary commercial about me, not Crooked Hillary! @marthamaccallum",May 10
"Why does the media, with a strong push from Crooked Hillary, keep pushing the false narrative that I want to raise taxes. Exactly opposite!",May 10
". #RepMikeKelly  Great job on @foxandfriends this morning. Thank you for the nice words!",May 10
"Get out and vote Nebraska, we will MAKE AMERICA GREAT AGAIN!",May 10
"Get out and vote West Virginia, we will MAKE AMERICA GREAT AGAIN!",May 10
"'@RedRising11: üá∫üá∏I am a woman & I JUST VOTED FOR @realDonaldTrump #NebraskaPrimary #Trump2016 #TrumpForPresident pic.twitter.com/zgzwxQ92wZ'",May 9
"Thank you Jason Greenblatt @JasonDovEsq 'For Our Children: Let's Elect Donald Trump'  medium.com/@jgreenblatt/f‚Ä¶",May 9
"interesting poll results so far (and go vote on GretaWire.com) pic.twitter.com/BnsRf9GSxC",May 9
"I am lowering taxes far more than any other candidate. Any negotiated increase by Congress to my proposal would still be lower than current!",May 9
"I will have set the all time record in primary votes in the Republican party --despite having to compete against 17 other people!",May 9
"If I only had 1 person running against me in the primaries like Hillary Clinton, I would have gotten 10 million more votes than she did!",May 9
"Crooked Hillary Clinton says that she got more primary votes than Donald Trump. But I had 17 people to beat‚Äîshe had one!",May 9
"#NEPrimary #VoteTrump #Trump2016 donaldjtrump.com/nebraska amp.twimg.com/v/263a6b94-daa‚Ä¶",May 9
"#WVPrimary #VoteTrump #Trump2016 donaldjtrump.com/west-virginia amp.twimg.com/v/31bd47b6-f72‚Ä¶",May 9
"'@Valdosta_Monkey: @ChrisCuomo @realDonaldTrump  Is Chris serious, lying or misinformed? Bill Clinton signed NAFTA pic.twitter.com/dFDvYQrN1v'",May 9
"'@daybastrop @foxandfriends @BretBaier The liars that signed the pledge and now won't support @realDonaldTrump IS the reason they are losers",May 9
"'@NathanDWilsonFL: @MariaBartiromo you had a great interview with Donald today! I started watching your show due to Donald Trump.",May 9
"Will be interviewed by @MariaBartiromo on @FoxBizAlert  at 7:30 A.M. Enjoy!",May 9
"'@RichBooth6: @realDonaldTrump @CNN good interview Mr. Trump. You set the facts straight.' Thank you.",May 9
"Wow, I hear @Morning_Joe has gone really hostile ever since I said I won't do or watch the show anymore.They misrepresent my positions!",May 9
"I will be interviewed on @CNN at 7:00 A.M.",May 9
".@drmoore  Russell Moore is truly a terrible representative of Evangelicals and all of the good they stand for. A nasty guy with no heart!",May 9
"'@mathewjmari: On @FaceTheNation #MattSchlapp was on the ball & #jenniferrubin is in a time warped stupor. @realDonaldTrump will EXPAND #GOP",May 9
"I will be interviewed on @NewDay @CNN at 7:00 A.M.",May 9
"I will win the election against Crooked Hillary despite the people in the Republican Party that are currently and selfishly opposed to me!",May 9
"On @seanhannity show @FoxNews now. ENJOY!",May 8
"Crooked Hillary just can't close the deal with Bernie. It will be the same way with ISIS, and China on trade, and Mexico at the border. Bad!",May 8
".@KellyannePolls  Kellyanne, you were fantastic on @meetthepress today. Keep going - I will win for the people. MAKE AMERICA GREAT AGAIN!",May 8
"I will be interviewed on @meetthepress this morning. Enjoy!",May 8
"I will be interviewed on This Week with George S this morning. Enjoy!",May 8
"#HappyMothersDay!  facebook.com/DonaldTrump/po‚Ä¶ pic.twitter.com/BVSHiG2iPA",May 8
"'@matandsher: I want a leader that will shoot straight with us. The politicians can't. @realDonaldTrump will give his all for us!",May 7
".@EdGoeas thank you for your support tonight on @JudgeJeanine.",May 7
"Remember when the two failed presidential candidates, Lindsey Graham and Jeb Bush, signed a binding PLEDGE? They broke the deal, no honor!",May 7
"I am honored that the great men and women of the @Teamsters have created a movement from within called Teamsters for Trump! Thank you.",May 7
"I am going to keep our jobs in the U.S., and totally rebuild our crumbling infrastructure. Crooked Hillary has no clue! @Teamsters",May 7
"Join me in Washington today! Spokane tickets: bit.ly/1QUVzx2SPOKANE Lynden tickets: bit.ly/272P0V4LYNDEN pic.twitter.com/C7HhNvO01T",May 7
"Goofy Elizabeth Warren is weak and ineffective. Does nothing. All talk, no action -- maybe her Native American name?",May 6
"Goofy Elizabeth Warren and her phony Native American heritage are on a Twitter rant. She is too easy! I'm driving her nuts.",May 6
"Crooked Hillary Clinton wants completely open borders. Millions of Democrats will run from her over this and support me.",May 6
"Just met with courageous family of Sarah Root in Nebraska. Sarah was horribly killed by illegal immigrant, but leaves behind amazing legacy.",May 6
"Goofy Elizabeth Warren, Hillary Clinton‚Äôs flunky, has a career that is totally based on a lie. She is not Native American.",May 6
"Let‚Äôs properly check goofy Elizabeth Warren‚Äôs records to see if she is Native American. I say she‚Äôs a fraud!",May 6
"I hope corrupt Hillary Clinton chooses goofy Elizabeth Warren as her running mate. I will defeat them both.",May 6
"Response to @LindseyGrahamSC: bit.ly/1QUjCfyGrahamR‚Ä¶",May 6
"I hear @JoeNBC of rapidly fading @Morning_Joe is pushing hard for a third party candidate to run. This will guarantee a Crooked Hillary win.",May 6
"Joe Scarborough initially endorsed Jeb Bush and Jeb crashed, then John Kasich and that didn't work. Not much power or insight!",May 6
"Thank you to teachers across America! When I become POTUS we will make education a far more important component of our life than it is now.",May 6
"Crooked Hillary has ZERO leadership ability. As Bernie Sanders says, she has bad judgement. Constantly playing the women's card - it is sad!",May 6
"Paul Ryan said that I inherited something very special, the Republican Party. Wrong, I didn't inherit it, I won it with millions of voters!",May 6
"'@Ausbiz:  Many would say that you are the only talented person running for the top job this time! #MakeAmericaGreatAgain #TrumpTrain'",May 6
"So many great endorsements yesterday, except for Paul Ryan! We must put America first and MAKE AMERICA GREAT AGAIN!",May 6
"Governor Rick Perry said 'Donald Trump is one of the most talented people running for the Presidency I've ever seen.' Thank you Rick!",May 6
"Unlike crooked Hillary Clinton, who wants to destroy all miners, I want wages to go up in America. We will do so by bringing back jobs!",May 6
"Thank you West Virginia. Let's keep it going. Go out and vote on Tuesday - we will win big. #Trump2016",May 5
"Can you believe Crooked Hillary said, 'We are going to put a whole lot of coal miners&coal companies out of business.' She then apologized.",May 5
"Join me tomorrow! #Trump2016  #MakeAmericaGreatAgain   Omaha, Nebraska: donaldjtrump.com/schedule/regis‚Ä¶  Eugene, Oregon: donaldjtrump.com/schedule/regis‚Ä¶",May 5
"Bernie Sanders has been treated terribly by the Democrats‚Äîboth with delegates & otherwise. He should show them, & run as an Independent.",May 5
"Happy #CincoDeMayo! The best taco bowls are made in Trump Tower Grill. I love Hispanics! facebook.com/DonaldTrump/po‚Ä¶ pic.twitter.com/k01Mc6CuDI",May 5
"I will be interviewed by @BretBaier @SpecialReport at 6pm ET tonight @FoxNews",May 5
"Many reports that I will be attending the Alvarez/Khan fight this weekend in Vegas. Totally untrue! Unfortunately I have other plans.",May 5
"Join me in Charleston, WV - tomorrow! donaldjtrump.com/schedule",May 4
"I will be interviewed on @foxandfriends at 7:30 A.M. Enjoy!",May 4
"I will be interviewed on @TODAYshow and Good Morning America at 7:00 A.M.",May 4
"I will be interviewed on @Morning_Joe at 6:15 A.M. Enjoy!",May 4
"I would rather run against Crooked Hillary Clinton than Bernie Sanders and that will happen because the books are cooked against Bernie!",May 4
"What a great evening we had. So interesting that Sanders beat Crooked Hillary. The dysfunctional system is totally rigged against him!",May 4
".@oreillyfactor  Please correct, I WON Virginia!",May 3
"Thank you Indiana, we were just projected to be the winner. We have won in every category. You are very special people-I will never forget!",May 3
"Thank you Indiana! #Trump2016 #MakeAmericaGreatAgain pic.twitter.com/G4JlShRA6I",May 3
"Lyin' Ted Cruz consistently said that he will, and must, win Indiana. If he doesn't he should drop out of the race-stop wasting time & money",May 3
"Wow, Lyin' Ted Cruz really went wacko today. Made all sorts of crazy charges. Can't function under pressure - not very presidential. Sad!",May 3
"MAKE AMERICA GREAT AGAIN! #INPrimary #VoteTrump  amp.twimg.com/v/041ccb32-861‚Ä¶",May 3
"Polls close at 6pm! #INPrimary #Trump2016 #VoteTrump  amp.twimg.com/v/1f0e3470-f03‚Ä¶",May 3
"Thank you America! #Trump2016  facebook.com/DonaldTrump/po‚Ä¶ pic.twitter.com/Hkt3YNccb0",May 3
"MAKE AMERICA GREAT AGAIN!  #Trump2016 #VoteTrump pic.twitter.com/OKaL5UI4oJ",May 3
"MAKE AMERICA GREAT AGAIN! #INPrimary #VoteTrump  instagram.com/p/BE8rv_amhc4/ pic.twitter.com/YPwDZ8Irch",May 3
"MAKE AMERICA GREAT AGAIN! #INPrimary #VoteTrump amp.twimg.com/v/598fcd12-966‚Ä¶",May 3
"Thank you South Bend, Indiana! Everyone get out & #VoteTrump tomorrow! #INPrimary  instagram.com/p/BE7YHv1mhRR/ pic.twitter.com/xEBlvGrny1",May 2
"Wow! I am speechless! Thank you to my sidekick @LynnePatton who keeps me & the @EricTrumpFdn in line! youtube.com/watch?v=lxaKUo‚Ä¶ via @youtube",May 2
"Will be in South Bend, Indiana in a short while -- big rally! See you soon!",May 2
"Will be interviewed on @seanhannity tonight at 10pmE. Enjoy! #INPrimary",May 2
"THANK YOU AMERICA! #MakeAmericaGreatAgain pic.twitter.com/PvhGP2HmbN",May 2
"Donald Trump Jr. On The Record: Why Trump International Hotels And Residences Are Still Winning via @forbes forbes.com/sites/petertay‚Ä¶",May 2
"Thank you Carmel, Indiana! Get out & #VoteTrump tomorrow! #INPrimary #MakeAmericaGreatAgain pic.twitter.com/j07c4oYryG",May 2
"Honored to have received the endorsement of Lou Holtz - a great guy! #INPrimary #Trump2016 pic.twitter.com/AeGyODb37O",May 2
"I will defeat Crooked Hillary Clinton on 11/8/2016. #Trump2016 #MakeAmericaGreatAgain pic.twitter.com/HtwD1FGn9e",May 2
"I will be campaigning in Indiana all day. Things are looking great, and the support of Bobby Knight has been so amazing. Today will be fun!",May 2
"Everybody is talking about the protesters burning the American flags and proudly waving Mexican flags. I want America First - so do voters!",May 2
"Gov Mike Pence has just stated that Donald Trump has taken a strong stance on Hoosier jobs, and he thanks me! I will bring back jobs to USA.",May 2
"Crooked Hillary Clinton said she is used to 'dealing with men who get off the reservation.' Actually, she has done poorly with such men!",May 2
"I will be interviewed on @CNN  @NewDay  at 7:30 A.M. Enjoy!",May 2
"Join me in Carmel, Indiana- tomorrow at 4pm! #INPrimary  donaldjtrump.com/schedule/regis‚Ä¶ pic.twitter.com/ZiofZ2D6ck",May 1
"Thank you Fort Wayne, Indiana! #Trump2016 #INPrimary pic.twitter.com/mDGrmMmk5T",May 1
"Thank you Terre Haute, Indiana! #MakeAmericaGreatAgain pic.twitter.com/O6ELhlae3h",May 1
".@KarlRove is a failed Jeb Bushy. Never says anything good & never will, even after I beat Hillary. Shouldn't be on the air!",May 1
"I am on @FoxNewsSunday with Chris Wallace- his 20th year anniversary with #FNS, throughout the day. Enjoy! pic.twitter.com/hDzdDpZiRx",May 1
"Will be in Terre Haute, Indiana in a short while -- big rally! See you soon!",May 1
"I watched Sen. Graham @FaceTheNation. Why don't they say that I ran him out of the race like a little boy, and in the end he had no support?",May 1
"Thank you Indiana! #Trump2016 pic.twitter.com/shPWexfkVX",May 1
"I will be in Indiana on Sunday and Monday at four MAKE AMERICA GREAT AGAIN rallies. See you there!",Apr 30
"Thank you @MikeOzanian for the nice comments on @FoxNews today. Great job!",Apr 30
"Trump locks down Delaware GOP delegates. #Trump2016 #MAGA  delawareonline.com/story/news/pol‚Ä¶",Apr 30
"The economy is bad and getting worse-almost ZERO growth this quarter. Nobody can beat me on the economy (and jobs). MAKE AMERICA GREAT AGAIN",Apr 30
"'@LexingtonBobby: @FoxNews @tedcruz @realDonaldTrump pic.twitter.com/uhDlyi82Ua'",Apr 30
"The 'protesters' in California were thugs and criminals. Many are professionals. They should be dealt with strongly by law enforcement!",Apr 30
".@AC360  Anderson, so amazing. Your mother is, and always has been, an incredible woman!",Apr 29
"We are now at 1001 delegates. We will win on the first ballot and are not wasting time and effort on other ballots because system is rigged!",Apr 29
"Thank you Indiana! #Trump2016 pic.twitter.com/WAuI0nRNzX",Apr 29
"Crooked Hillary Clinton, perhaps the most dishonest person to have ever run for the presidency, is also one of the all time great enablers!",Apr 29
"Wow, the ridiculous deal made between Lyin'Ted Cruz and 1 for 42 John Kasich has just blown up. What a dumb deal - dead on arrival!",Apr 29
"Thank you Costa Mesa, California! 31,000 people tonight with thousands turned away. I will be back! #Trump2016 pic.twitter.com/4P0tzvZn0e",Apr 28
"New York Yankees President, Randy Levine: 'End of the Republican Party' If Donald Trump Not Nominated.   newsmax.com/Newsmax-Tv/ran‚Ä¶",Apr 28
"I will be interviewed on @foxandfriends with the legendary Coach Bobby Knight- tomorrow morning. Enjoy! #INDPrimary pic.twitter.com/c9WVhfyMzs",Apr 28
"Seems out of touch w/ reality to announce a VP nominee before securing 1237 delegates. bit.ly/1VSPjhW pic.twitter.com/xXDa4qJ5tP",Apr 27
"Carly Fiorina no lifeboat for a fast-sinking @tedcruz campaign bostonherald.com/news/columnist‚Ä¶ via @bostonherald @realdonaldtrump @danscavino #Trump",Apr 28
"#MakeAmericaGreatAgain #Trump2016 pic.twitter.com/ZHM5w7jnss",Apr 28
"#MakeAmericaGreatAgain pic.twitter.com/53qHBKs7yA",Apr 28
"Thank you Evansville, Indiana!  #MakeAmericaGreatAgain pic.twitter.com/Fn8ClNjUtr",Apr 28
"Heading to rally with Bobby now! See you soon! pic.twitter.com/dWSSOEctZn",Apr 28
"So many false and phony T.V. commercials being broadcast in Indiana. Reminds me of Florida where thousands were put up-I won in a landslide!",Apr 28
"I will be in Evansville, Indiana, with the great Bobby Knight (who last night endorsed me) at 12:00 this afternoon. See you there!",Apr 28
"Lyin' Ted Cruz, who can never beat Hillary Clinton and has NO path to victory, has chosen a V.P.candidate who failed badly in her own effort",Apr 28
"I will be interviewed on the @TODAYshow at 7:00 A.M. this morning. Enjoy!",Apr 28
"Thank you to all for the wonderful reviews of my foreign policy speech. I will soon be speaking in great detail on numerous other topics!",Apr 28
"'@AnnetteJeanne: I cried when they said you made a clean sweep of all 5 states. I was SO HAPPY! I really adore you Mr. Trump, so much.'",Apr 27
"Getting the strong endorsement of the great coach, Bobby Knight, has been a highlight of my stay in Indiana. Big speech tomorrow with Bobby!",Apr 27
"I am in Indiana where we just had a great rally. Fantastic people! Staying at a Holiday Inn Express - new and clean, not bad!",Apr 27
"Thank you Laura!  twitter.com/ingrahamangle/‚Ä¶",Apr 27
"Thank you for the endorsement, Coach Bobby Knight! I will never forget it! facebook.com/DonaldTrump/po‚Ä¶ pic.twitter.com/MpRtRwv51u",Apr 27
"Join me on @greta- from Indianapolis, Indiana at 7pmE! Enjoy! #Trump2016  amp.twimg.com/v/50194f7e-73b‚Ä¶",Apr 27
"An Honor to be in #Indiana w @realDonaldTrump @greta & the legend, Bobby Knight! I like our secret weapon better!!! pic.twitter.com/xYMKoC65PS",Apr 27
"THANK YOU Connecticut, Delaware, Maryland, Pennsylvania, and Rhode Island! #MakeAmericaGreatAgain pic.twitter.com/MGKh77wQt8",Apr 27
"Agreed! pic.twitter.com/biyldP3CIw",Apr 27
"Thank you Newt! twitter.com/newtgingrich/s‚Ä¶",Apr 27
"GREATEST FOREIGN POLICY SPEECH SINCE WASHINGTON'S FAREWELL ADDRESS.",Apr 27
"Thanks Dave! twitter.com/dave_els/statu‚Ä¶",Apr 27
"Thanks! twitter.com/polls_pundits/‚Ä¶",Apr 27
"Thank you! WE will MAKE AMERICA GREAT AGAIN! twitter.com/lindasuhler/st‚Ä¶",Apr 27
"Thank you! twitter.com/ladybugs96/sta‚Ä¶",Apr 27
"Thank you Delaware! #Trump2016 pic.twitter.com/FeXThmUWuo",Apr 26
"Thank you Rhode Island! #Trump2016 pic.twitter.com/EzCvm7yc0Y",Apr 26
"Thank you Connecticut! #Trump2016 pic.twitter.com/3GGoVXSZSf",Apr 26
"Thank you Pennsylvania! #Trump2016 pic.twitter.com/mucxspuHnV",Apr 26
"Thank you Maryland! #Trump2016 pic.twitter.com/hH3h6bRMIs",Apr 26
"Thank you America! #Trump2016 pic.twitter.com/KL7VZbM1jP",Apr 26
"Lets #MakeAmericaGreatAgain, Maryland! #VoteTrump  pic.twitter.com/ZttNAmk1QS",Apr 26
"You have until 8pm to #VoteTrump, Delaware! pic.twitter.com/GYeV6m1qOn",Apr 26
"Thank you for a great day yesterday, Rhode Island! #VoteTrump pic.twitter.com/nAlgNIIdyo",Apr 26
"Six hours left to #VoteTrump Connecticut! pic.twitter.com/U1kbLMwhNI",Apr 26
"Lets go Pennsylvania! #VoteTrump  pic.twitter.com/TWQM8AV9p4",Apr 26
"How bad is the New York Times‚Äîthe most inaccurate coverage constantly. Always trying to belittle. Paper has lost its way!",Apr 26
"Thank you for the incredible support- Melania, Barron, Ivanka, Jared, Tiffany, Don, Vanessa, Eric, and Lara! amp.twimg.com/v/8cf855d0-317‚Ä¶",Apr 26
"Bernie Sanders has been treated terribly by the Democrats‚Äîboth with delegates & otherwise. He should show them, and run as an Independent!",Apr 26
"Thank you @DonaldJTrumpJr & @EricTrump. #Trump2016  amp.twimg.com/v/516d6731-e8f‚Ä¶",Apr 26
"MAKE AMERICA GREAT AGAIN! bit.ly/1VzIdekVOTETRU‚Ä¶ pic.twitter.com/2XWN52IpH2",Apr 26
"The Cruz-Kasich pact is under great strain. This joke of a deal is falling apart, not being honored and almost dead. Very dumb!",Apr 26
"Thank you Wilkes-Barre, Pennsylvania!  #MakeAmericaGreatAgain #Trump2016  amp.twimg.com/v/5df2d607-312‚Ä¶",Apr 25
"Get out and VOTE tomorrow! We will MAKE AMERICA GREAT AGAIN!  #CTPrimary #DEPrimary #MDPrimary #PAPrimary #RIPrimary amp.twimg.com/v/0d2e05e9-788‚Ä¶",Apr 25
"Passing what was once a vibrant manufacturing area in Pennsylvania. So sad! #MakeAmericaGreatAgain pic.twitter.com/RYWjgPh9Ja",Apr 25
"Thank you West Chester, Pennsylvania! #PAPrimary #VoteTrump bit.ly/1MU1XKnPENNSYL‚Ä¶ pic.twitter.com/CF9SYBqka7",Apr 25
"Thank you Warwick, Rhode Island! #RIPrimary #VoteTrump  bit.ly/1MU07JhWARWICK pic.twitter.com/GU3p28VMe0",Apr 25
"DEAD HEAT: CLINTON VS TRUMP bit.ly/1T9rJqp",Apr 25
"On the way to the great state of Rhode Island- big rally. Then to Pennsylvania for rest of day and night!",Apr 25
"Kasich just announced that he wants the people of Indiana to vote for him. Typical politician - can't make a deal work.",Apr 25
"Shows how weak and desperate Lyin' Ted is when he has to team up with a guy who openly can't stand him and is only 1 win and 38 losses.",Apr 25
"Lyin' Ted Cruz and 1 for 38 Kasich are unable to beat me on their own so they have to team up (collusion) in a two on one. Shows weakness!",Apr 25
"Lyin' Ted and Kasich are mathematically dead and totally desperate. Their donors & special interest groups are not happy with them. Sad!",Apr 24
"Wow, just announced that Lyin' Ted and Kasich are going to collude in order to keep me from getting the Republican nomination. DESPERATION!",Apr 24
"I am happy to hear how badly the @nytimes is doing. It is a seriously failing paper with readership which is way down. Becoming irrelevant!",Apr 24
"'@DiamondandSilk: .@DonaldJTrumpJr awesome job on @CNNSotu. DonaldTrump has integrity & he refuses 2 play the game call 'Delegate Bribery'",Apr 24
"'@newtgingrich: #NYPrimary turned Trump from frontrunner into presumptive #GOP nominee bit.ly/1TlQDWw pic.twitter.com/iNolBfFFRF'",Apr 24
"I will be in Maryland this afternoon for a major rally. Things are looking good for Tuesday!",Apr 24
".@AndreBauer  Great job and advice on @CNN  @jaketapper  Thank you!",Apr 24
".@Borisep was great on @JudgeJeanine tonight. Very smart commentary that will prove to be correct!",Apr 23
"As soon as John Kasich is hit with negative ads, he will drop like a rock in the polls against Crooked Hillary Clinton. I will win!",Apr 23
"I had a great day campaigning in Connecticut. Looking for a big vote on Tuesday!",Apr 23
"Congratulations to @seanhannity on his great ratings and ratings increase as reported by the @AP today. Amazing job!",Apr 23
"Lynne Ryan -- just read your great story in the NY Times -- I am proud of you. Thanks! pic.twitter.com/zVmhYsd4ir",Apr 23
"Thank you Delaware! #Trump2016  #MakeAmericaGreatAgain #TrumpTrain bit.ly/23QSsDhDELAWARE pic.twitter.com/ofhbM9bcOI",Apr 23
"Thank you Bridgeport, Connecticut! #MakeAmericaGreatAgain #Trump2016 bit.ly/1SWXiDlBRIDGEP‚Ä¶ pic.twitter.com/qcuDCyBzCN",Apr 23
"Thank you Waterbury, Connecticut! #MakeAmericaGreatAgain #Trump2016 bit.ly/1NpjgmdWATERBU‚Ä¶ pic.twitter.com/OoQAAKWUUq",Apr 23
"#MakeAmericaGreatAgain Video: facebook.com/DonaldTrump/vi‚Ä¶ pic.twitter.com/aGUHmO98Xm",Apr 23
"Pennsylvania: Cast your vote for Trump for POTUS & ALSO vote for the TRUMP DELEGATES in your congressional district! pic.twitter.com/1utaLLMfUa",Apr 23
"Will be spending the day campaigning in Connecticut, another state where jobs are being stolen by other countries. I will stop this fast!",Apr 23
"Thank you Pennsylvania! #Trump2016 bit.ly/1SC8ZWlPENNSYL‚Ä¶ pic.twitter.com/ie23QdsVTe",Apr 22
"Thank you Indiana! Was great seeing everyone on Wednesday! I will be back soon! #Trump2016 bit.ly/23PbVEnINDIANA pic.twitter.com/62DKEm5XVm",Apr 22
"Thank you California! See you soon! #MakeAmericaGreatAgain #Trump2016 bit.ly/23P8PqaCALIFOR‚Ä¶ pic.twitter.com/8rqI4mQ3Tw",Apr 22
"Thank you, @DonaldJTrumpJr! #Trump2016 #MakeAmericaGreatAgain  bit.ly/1VrcqzcDonaldT‚Ä¶ pic.twitter.com/0NQLzbwuFo",Apr 22
"Thank you for the incredible support, Maryland! This is a movement! #MakeAmericaGreatAgain #Trump2016 pic.twitter.com/Uyq4sTYb0l",Apr 22
"I met Prince on numerous occasions. He was an amazing talent and wonderful guy. He will be greatly missed!",Apr 22
"Cruz said Kasich should leave because he couldn't get to 1237. Now he can't get to 1237. Drop out LYIN' Ted.",Apr 21
"Both Ted Cruz and John Kasich have no path to victory. They should both drop out of the race so that the Republican Party can unify!",Apr 21
"Senator Ted Cruz has been MATHEMATICALLY ELIMINATED from race. He said Kasich should get out for same reason. I think both should get out!",Apr 21
"I will be doing the @TODAYshow with my wife, Melania, and the rest of my family in a major Town Hall. Hopefully, it will be fun! Enjoy.7A.M.",Apr 21
"Thank you Maryland- what a great way to conclude the day! Will be back soon. #Trump2016 facebook.com/DonaldTrump/po‚Ä¶ pic.twitter.com/JbJYYpEsmo",Apr 20
"We are going to bring steel and manufacturing back to Indiana!",Apr 20
"Had a meeting with the terrific @GovPenceIN of Indiana. So excited to campaign in his wonderful state! pic.twitter.com/73uCyV6ql4",Apr 20
"Thank you Indiana! Will be back soon! #Trump2016 #MakeAmericaGreatAgain pic.twitter.com/pxvSL8cs3B",Apr 20
"#Trump360 Watch this 360 video of my speech last night at Trump Tower- youtu.be/jHiLFECJWXc",Apr 20
"Off to Indiana! #Trump2016 pic.twitter.com/zqUdaaSaXD",Apr 20
"Ted Cruz is mathematically out of winning the race. Now all he can do is be a spoiler, never a nice thing to do. I will beat Hillary!",Apr 20
"MAKE AMERICA GREAT AGAIN! youtu.be/-8hF1vh5k2Y",Apr 19
"'@bigop1: @realDonaldTrump @CNN @oreillyfactor pic.twitter.com/vXiQru6HIE'  Wow, really nice!",Apr 19
"Thank you New York, I will never forget!",Apr 19
"Thank you New York! I love you! #MakeAmericaGreatAgain #Trump2016 pic.twitter.com/T1J0aUwMXl",Apr 19
".@CNN is so negative it is impossible to watch. Terrible panel, angry haters. Bill O  @oreillyfactor said such an amazing thing about me!",Apr 19
"'@GreenSkyDeb: Look everybody, DonaldTrump will win it on the first ballot so keep praying!!! #TrumpTrain #Trump2016 #MakeAmericaGreatAgain'",Apr 19
"'@keksec__org: @realDonaldTrump Your policies will make this state and country great again! #MakeAmericaGreatAgain pic.twitter.com/SWxV3YCbqb'",Apr 19
"'@kdk144: @realDonaldTrump Everybody is 'In A New York State of Mind' now!'",Apr 19
"Polls close in 3 hours! Everyone get out and VOTE! #Trump2016 #MakeAmericaGreatAgain amp.twimg.com/v/55ee1aec-e88‚Ä¶",Apr 19
"A message from Donald J. Trump to NEW YORK!   amp.twimg.com/v/e27c9dc9-619‚Ä¶",Apr 19
"Discussing #NewYorkValues in Buffalo last night- on the eve of the #NYPrimary. LETS GO NY! #VoteTrump  amp.twimg.com/v/698f8136-27e‚Ä¶",Apr 19
"1988 with Oprah- discussing why I would never rule out a run for #POTUS. #Trump2016 #VoteTrumpNY #PrimaryDay amp.twimg.com/v/fb53268b-d72‚Ä¶",Apr 19
"Who did the House Task Force on Urgent Fiscal Issues call- when America needed HELP?  amp.twimg.com/v/6d5ebafa-67c‚Ä¶",Apr 19
"#MakeAmericaGreatAgain #Trump2016¬†amp.twimg.com/v/5e7abd5b-a30‚Ä¶",Apr 19
"LETS GO AMERICA! Time to take back our country, and #MakeAmericaGreatAgain Watch video & go #VoteTrump!¬†amp.twimg.com/v/d523fbd9-389‚Ä¶",Apr 19
"#ICYMI: #Trump2016 closing speech in Buffalo, New York! #VoteTrumpNY¬†amp.twimg.com/v/3c7e0a20-7ce‚Ä¶",Apr 19
"Join me in Indianapolis, Indiana tomorrow at 3pm! #Trump2016 #MakeAmericaGreatAgain Tickets: donaldjtrump.com/schedule/regis‚Ä¶ pic.twitter.com/JBNYtk3FyE",Apr 19
"Thank you Eric! twitter.com/erictrump/stat‚Ä¶",Apr 19
"A big day for New York and for our COUNTRY! MAKE AMERICA GREAT AGAIN!",Apr 19
"I am on @foxandfriends at 7:00 A.M. ENJOY!",Apr 19
"Thank you Buffalo! #NYPrimary  bit.ly/20SsGJwBUFFALO pic.twitter.com/4ujDuOvLPj",Apr 18
"#MakeAmericaGreatAgain #NYPrimary amp.twimg.com/v/5e7abd5b-a30‚Ä¶",Apr 18
"Lyin‚Äô Ted Cruz even voted against Superstorm Sandy aid and September 11th help. So many New Yorkers devastated. Cruz hates New York!",Apr 18
"New York, we will make America great again! instagram.com/p/BEWcFR7mhXE/",Apr 18
"Kasich only looks O.K. in polls against Hillary because nobody views him as a threat and therefore have placed ZERO negative ads against him",Apr 18
"Lyin' Ted Cruz can't win with the voters so he has to sell himself to the bosses-I am millions of VOTES ahead! Hillary would destroy him & K",Apr 18
"'@DiamondandSilk: .@realDonaldTrump is who we need 2 fix this corrupted, rigged system. 4 no Profit, Under budget & ahead of schedule.",Apr 18
"Thank you for today's endorsement, New York Veteran Police Association!  #NewYorkValues facebook.com/DonaldTrump/po‚Ä¶ pic.twitter.com/ZQHmkBDUnA",Apr 17
"Thank you, California! Will see you soon! #MakeAmericaGreatAgain  bit.ly/1SM1rKdCALIFOR‚Ä¶ pic.twitter.com/5rk1U4dQ7r",Apr 17
"I would have millions of votes more than Hillary except for the fact that I had 17 opponents and she just had a socialist named Bernie!",Apr 17
"Crooked Hillary Clinton is spending a fortune on ads against me. I am the one person she doesn't want to run against. Will be such fun!",Apr 17
"Lyin' Ted Cruz can't get votes (I am millions ahead of him) so he has to get his delegates from the Republican bosses. It won't work!",Apr 17
"Lyin' Ted Cruz will never be able to beat Hillary. Despite a rigged delegate system, I am hundreds of delegates ahead of him.",Apr 17
"I'll be in one of my favorite places this morning, Staten Island. Big crowd, will be fun!",Apr 17
"#MakeAmericaGreatAgain #NYPrimary  bit.ly/1XCcKzwNewYork‚Ä¶",Apr 16
"Thank you California, Connecticut, Maryland, and Pennsylvania! #MakeAmericaGreatAgain #Trump2016 pic.twitter.com/pwFFHyzSE6",Apr 16
"See you tomorrow Dutchess County,  New York! #NYPrimary #TrumpTrain bit.ly/23DhgytDUTCHESS pic.twitter.com/caMLixZfda",Apr 16
"Will be on Hannity tonight. Rebroadcast of town hall from Pittsburgh, PA. 8:00pm on FOX. Enjoy! #Trump2016 pic.twitter.com/ZhaxXnAohm",Apr 16
"'@Ollie_621: @FoxNews @realDonaldTrump I think it's more like 64%. #VoteTrumpNYüóΩ #MakeAmericaGreatAgain!",Apr 16